trip_id,contact_id,trip_origin_latitude,trip_origin_longitude,trip_dest_latitude,trip_dest_longitude,trip_expense_total
1,1,17.9670882,104.0444828,-9.9605397,124.5777565,$25407.00
2,2,33.6042793,69.2281531,-0.4797043,100.5746224,$28531.45
3,3,-38.9833,-72.6417312,45.3639886,5.5949365,$46356.12
4,4,46.6211188,30.7719233,40.2355256,44.4514419,$23983.32
5,5,11.2658847,7.6480296,65.0081559,17.0061406,$7705.93
6,6,18.9452479,-70.3694594,49.7495189,19.288837,$38442.19
7,7,48.0486753,38.45053,43.2998369,132.0667195,$14742.26
8,8,49.6968574,19.9506717,55.8304171,49.1812984,$45093.56
9,9,37.4687736,140.9917351,55.5480165,13.931553,$22750.49
10,10,-6.7185157,38.7420548,47.3097201,5.1041811,$28220.40
11,11,22.529403,103.93935,38.8145081,-9.4043725,$16343.85
12,12,13.264915,123.4256573,49.6819305,18.3673216,$36968.26
13,13,5.9840985,116.0761121,37.136977,140.4367415,$6808.33
14,14,22.099737,113.497052,25.234479,110.179953,$7296.93
15,15,41.6434293,42.9934449,-8.2922696,120.4415242,$16228.60
16,16,29.990745,121.49591,-8.2307484,113.2998705,$40383.08
17,17,42.785791,124.111099,14.9380064,121.0208817,$23699.78
18,18,14.4223149,-16.702825,35.2662059,36.7118971,$9944.65
19,19,30.199688,110.674706,51.8135681,19.9684918,$12457.41
20,20,16.0641802,108.1873407,-23.8107528,-47.1752123,$45363.68
21,21,49.03737,140.26989,56.0349544,35.9510395,$38340.79
22,22,48.6765178,38.0990815,36.6755608,10.1535196,$24930.79
23,23,31.311376,120.627532,38.263135,113.650485,$14830.41
24,24,-23.400962,-46.011014,26.1288392,127.6681281,$33228.77
25,25,31.4008095,30.4171887,35.41,127.38583,$43823.20
26,26,40.5742298,48.3896404,32.1561962,74.1188104,$31335.89
27,27,36.7558101,41.3986916,16.842826,120.402603,$5579.48
28,28,19.0077085,-69.7320914,-0.4960508,101.866362,$36341.45
29,29,5.8320421,-74.5833539,13.9483457,100.791665,$27531.31
30,30,37.8071796,23.9763412,14.5788472,121.0143656,$38759.96
31,31,-31.4505323,-64.1847851,-34.7368519,-58.5019467,$35412.64
32,32,59.7959318,30.3954982,49.9112092,16.7105196,$11796.91
33,33,32.9267098,130.845304,48.4691324,37.0871224,$40086.92
34,34,58.3619916,11.9203062,38.062428,114.645657,$5454.04
35,35,31.180874,120.901509,-17.3753589,-70.1338535,$6361.62
36,36,61.0962323,28.8780526,6.0067464,80.2531784,$32965.40
37,37,-5.282644,123.5839983,47.666899,-3.022273,$20559.51
38,38,54.1433253,-9.7359765,-6.9667234,108.6699011,$7551.15
39,39,18.9452479,-70.3694594,38.1536393,140.266785,$46136.81
40,40,-38.848827,-68.119936,33.437877,113.609286,$41234.33
41,41,31.607383,35.03913,52.5967759,15.5140181,$3678.86
42,42,32.7925057,-116.93933,37.3844286,140.3940646,$43254.91
43,43,24.076563,89.61457,32.4402243,36.5634898,$42921.83
44,44,27.754532,112.723615,27.372513,117.731346,$27104.38
45,45,49.01671,-57.59837,-5.0986263,-42.8245916,$31913.04
46,46,35.110997,102.430356,-6,-40.28333,$43126.16
47,47,50.483611,13.357778,29.866911,115.61166,$46297.18
48,48,16.7742464,121.0882915,22.28616,89.95882,$12979.14
49,49,37.2944409,62.3682506,9.9648655,-71.1329685,$47868.77
50,50,19.421145,-99.1283211,36.759507,110.632006,$23296.96
51,51,12.6583137,-87.1672193,3.9671435,103.40391,$4157.43
52,52,30.9833081,121.1229953,-7.0425557,110.5096283,$32230.10
53,53,0.6092923,30.6401231,-8.321199,116.5963713,$31818.67
54,54,49.2574664,-123.0419607,22.6695494,113.2476081,$42066.46
55,55,49.7937399,17.4421225,18.5973932,120.8403202,$2126.33
56,56,37.339426,122.435887,48.1944728,25.9320036,$15146.85
57,57,43.3572645,16.9520477,62.389549,17.313773,$12724.79
58,58,53.4513,17.5316201,26.3237782,88.5167162,$15347.26
59,59,-14.2412572,31.3198491,40.9785232,-8.4816505,$1801.37
60,60,20.3609414,106.5584071,47.9318074,5.2893597,$721.81
61,61,51.22999,-101.3565,55.7133263,37.8049211,$7445.96
62,62,5.312706,103.1353009,23.6237888,90.4997867,$16333.80
63,63,-9.306314,-74.4328,33.4955028,49.0631743,$23082.86
64,64,48.1734633,23.2972476,-5.740511,-77.5003091,$42374.00
65,65,-19.9030544,-44.1170051,48.7946784,2.3067496,$45068.33
66,66,40.3459138,23.3097061,9.80278,118.69861,$13836.99
67,67,63.9727688,-22.5764849,-7.0206795,112.3963638,$17197.36
68,68,51.7318422,18.2051618,34.2398892,135.2395881,$35314.31
69,69,16.7120919,95.9383291,51.792865,4.6999899,$15989.07
70,70,-14.0262695,-73.9249692,-8.3243906,122.9846079,$34916.38
71,71,16.5603828,121.1486664,15.0072129,120.7038246,$45598.93
72,72,31.221597,121.409352,43.8947634,18.3723677,$18939.79
73,73,51.2781803,20.4380252,67.82743,-115.09649,$17857.28
74,74,26.0536124,119.2989496,44.8184554,20.4643411,$31554.00
75,75,7.3008041,18.2881709,53.9732574,123.9092222,$13017.89
76,76,11.8194472,122.1619663,8.579016,124.770656,$6218.04
77,77,35.709077,107.643631,22.116224,110.590442,$14424.10
78,78,59.3846971,13.4676693,36.9746168,136.9251078,$2429.78
79,79,54.2907459,47.3722118,1.4162396,124.8072165,$21467.29
80,80,15.3817945,120.7080369,22.6308357,104.9564084,$5374.19
81,81,55.3071219,82.7407627,-18.9549753,49.1082407,$19194.06
82,82,51.7555981,18.3095531,38.4576605,-9.1065809,$5981.92
83,83,31.347049,120.695047,-15.8958471,-52.2516426,$17383.81
84,84,7.5353338,125.75324,46.0733211,15.5596719,$26195.41
85,85,18.7853577,99.0184183,23.2654395,113.3547602,$7640.03
86,86,38.5961493,-9.0880453,39.847805,116.3998254,$32374.45
87,87,-8.0154398,111.9462873,9.2228301,3.2005641,$12464.04
88,88,48.6085692,42.8455406,7.7381338,122.8349537,$15311.46
89,89,50.63258,87.96046,14.2508238,121.1075051,$6961.68
90,90,41.5217223,-8.4574423,62.0299471,129.7171247,$20046.35
91,91,15.7290855,120.6271711,45.4032761,-73.9503607,$29351.85
92,92,8.303998,27.993441,44.3703217,40.8103225,$3108.43
93,93,-1.4926759,103.5494757,18.31173,-71.16145,$9139.42
94,94,-24.2670414,-52.7241914,12.225759,21.4126837,$36939.77
95,95,4.8087174,-75.690601,14.7596318,121.0589081,$2406.99
96,96,-16.6488964,-49.1565948,-2.3496095,29.7512903,$44744.93
97,97,38.8559689,127.4214244,22.817002,108.366543,$4500.80
98,98,16.5211599,-88.3712796,39.5691202,45.9004974,$40917.05
99,99,55.9955698,40.3295557,34.79925,108.580681,$49363.48
100,100,-6.9253881,107.7177302,1.672033,125.055298,$34334.71
101,101,22.533012,113.930475,63.839604,-22.410284,$47692.42
102,102,24.304673,113.136459,-30.9738956,-54.6847647,$248.95
103,103,-6.3991308,106.7411559,18.4701519,-69.9851563,$45927.23
104,104,45.1141124,41.0051614,39.6758453,-8.1457625,$33291.38
105,105,-6.427987,110.9561,44.4528239,19.0902035,$17543.60
106,106,50.5664031,19.5697659,4.9801882,23.941751,$46464.95
107,107,54.0481202,22.2939742,49.3967841,14.4813772,$23859.16
108,108,48.8744977,2.3410371,29.2378946,30.7913458,$16571.12
109,109,-2.7217612,115.2007728,5.1025787,73.0685665,$37658.05
110,110,56.3360497,28.8883279,32.968121,130.6358305,$8526.04
111,111,45.1870126,20.5134778,-10.6872332,-37.4329352,$44271.90
112,112,5.896774,118.06182,27.518353,118.038714,$18217.77
113,113,52.87728,15.52966,39.903538,116.42675,$31420.11
114,114,-14.2908,-72.044647,46.8117208,33.4901963,$21251.53
115,115,9.3420526,123.2904615,1.8480062,114.8923533,$40884.80
116,116,55.1393981,54.6406219,43.2,82.63333,$4010.26
117,117,-25.8621309,29.1236739,26.637438,118.182036,$32623.24
118,118,-6.9353405,-76.7711626,11.3535316,162.3442197,$15717.17
119,119,36.854929,114.503339,52.5125385,16.8395278,$27000.51
120,120,18.4520713,1.4096535,28.233802,103.640693,$38357.39
121,121,34.6689265,136.4689157,55.2519048,52.5882232,$41457.72
122,122,49.2277083,17.3189958,14.5544751,-86.2901225,$20388.43
123,123,35.00394,104.634983,34.839635,103.467868,$35280.36
124,124,55.8709949,-4.2494388,40.2715286,44.633383,$27724.04
125,125,57.7106249,12.9533224,45.8060242,17.4116835,$16914.05
126,126,-10.9965942,-76.3289941,30.164679,120.161441,$46472.32
127,127,-9.989961,123.8076302,52.6523079,41.4346698,$22085.95
128,128,29.859258,98.007143,52.3738284,4.8886159,$40211.57
129,129,8.1200456,-73.5358541,29.356117,105.927375,$36150.36
130,130,-31.5469052,29.0213682,48.7764948,17.0214389,$43084.95
131,131,48.7997482,2.4699259,-11.1892053,28.8888064,$32642.92
132,132,38.7451684,-9.2670871,-34.4584447,-58.5845016,$13604.42
133,133,24.77848,110.496593,-7.394667,112.6737856,$10808.79
134,134,-6.9108565,107.1768464,-15.49357,-71.465973,$12332.60
135,135,59.79769,30.5550816,-12.0582305,-77.1053673,$49005.29
136,136,-7.5625591,107.7873095,-6.8921158,111.6526577,$49975.87
137,137,20.7337728,105.7704551,40.6999925,-112.0118669,$29524.76
138,138,50.7254936,-113.9749472,47.4936583,21.66245,$40955.00
139,139,48.9746444,17.6475832,28.178059,109.482752,$7554.23
140,140,56.72998,23.0165879,36.8190248,137.4165016,$7337.23
141,141,31.3219,121.01853,-6.2386948,106.8176984,$34926.47
142,142,-6.9975825,108.07765,29.528923,104.990101,$48.46
143,143,36.448127,116.0625588,43.9763746,4.9052738,$30018.89
144,144,50.3490504,23.3268124,43.3831419,17.592739,$37654.99
145,145,-27.6711693,30.3089541,37.1321706,26.8529432,$17066.60
146,146,11.5448729,104.8921668,50.4315612,4.4472854,$19328.05
147,147,18.1559131,-77.7652346,39.9923835,44.5843547,$11125.31
148,148,48.2751888,40.1995439,17.8895907,102.579531,$36699.97
149,149,33.347316,120.16366,-3.870003,-38.602824,$38829.14
150,150,49.89042,18.2400902,28.65638,121.42076,$41145.10
151,151,-7.617735,112.4172256,37.817552,-25.66905,$17821.73
152,152,14.6329018,-90.9259787,30.572815,104.066801,$42447.53
153,153,29.268783,117.178443,33.456443,36.2359629,$20977.02
154,154,26.2778269,-80.109357,39.0638705,-108.5506486,$20739.38
155,155,22.4201574,105.981739,47.660528,33.7205403,$41860.26
156,156,59.379366,13.503977,6.6833334,124.1500015,$45378.09
157,157,13.6427173,100.2712297,16.0081344,120.2108551,$10627.84
158,158,43.1520105,126.4371385,53.3115925,83.9216908,$8015.10
159,159,48.2150764,23.4793844,38.5370103,140.8544636,$31983.79
160,160,42.7333428,-87.8255014,53.3656498,34.1098425,$25452.77
161,161,51.6919243,21.5535126,13.7191394,100.2207634,$6017.68
162,162,48.968713,117.773198,56.1597869,37.9891132,$12072.60
163,163,43.3362822,3.2188961,7.1402468,40.7107871,$8301.65
164,164,-6.2386948,106.8176984,39.603484,-119.7078532,$7565.87
165,165,47.517115,19.053701,43.4462218,5.2254137,$28145.53
166,166,7.193611,100.592145,37.479652,140.9588844,$18836.85
167,167,5.9592535,6.8485009,46.60873,-81.20763,$4785.73
168,168,43.5167511,-79.8576828,13.7091486,123.7435653,$40402.15
169,169,56.4245513,12.869882,7.02389,124.10028,$11236.30
170,170,40.4375447,-7.8667708,30.975286,105.190522,$15520.52
171,171,-9.4550725,119.3801998,-25.53599,-56.73246,$38744.30
172,172,34.998592,138.4400063,33.5570691,35.372948,$10885.59
173,173,22.259725,107.649938,43.598763,93.016624,$32063.53
174,174,43.5757545,21.331051,35.0098555,135.4825317,$44778.24
175,175,-7.0787824,-35.5876697,40.472433,23.0927079,$12388.02
176,176,5.329576,103.1369108,-26.8268706,-65.2705688,$20594.09
177,177,-20.9343608,-66.220355,47.2990712,-1.5086685,$32491.81
178,178,51.6113555,19.8982345,23.945891,104.412274,$37237.42
179,179,32.116246,120.436781,-8.2024827,115.3874591,$31515.43
180,180,31.285638,121.227856,40.0179745,44.5841127,$33177.45
181,181,43.330734,46.3582371,13.871805,101.052868,$13466.88
182,182,34.003135,-117.7228641,31.364902,108.249509,$18179.41
183,183,24.111841,112.910406,-18.6476779,-173.9836854,$5568.12
184,184,8.853929,-75.281155,-14.4485861,-72.0794063,$15842.42
185,185,8.662577,-75.128872,28.94074,113.447431,$10412.81
186,186,20.8,106.999722,48.3228384,29.1521095,$36531.05
187,187,41.0534668,-8.3490278,-26.850856,-65.71065,$39106.69
188,188,9.8318931,123.4675853,34.94873,-5.24798,$14994.22
189,189,41.2476037,-8.2430831,27.657593,114.709713,$29538.30
190,190,51.5742615,5.0840393,50.1558976,18.8697867,$20987.60
191,191,25.8007724,-100.4277766,30.5081033,47.7834888,$44776.92
192,192,38.8892896,-9.2065507,22.8387258,112.3810562,$46064.55
193,193,53.7217952,40.0305734,-8.084623,115.1592718,$28608.94
194,194,53.2774963,-6.1157412,-16.5030766,-68.1346594,$7013.51
195,195,19.789147,110.808679,40.9981633,47.8699826,$97.85
196,196,50.1155463,101.5872539,40.3219266,-7.612767,$36915.83
197,197,60.706979,17.1401083,30.311056,112.255583,$15939.20
198,198,13.0968511,-59.6144819,-22.8631923,-43.7779091,$48571.58
199,199,-37.713929,144.962411,43.8447278,4.3520438,$23850.72
200,200,30.820143,106.06886,40.6394384,-8.6380475,$41114.97
201,201,-26.4070347,-61.4128561,4.338952,-73.938919,$524.75
202,202,33.9717649,36.6579649,32.55492,73.2122,$44688.42
203,203,38.43923,-122.6673018,39.030297,117.566112,$8939.04
204,204,1.4994033,33.5490078,-6.5142035,-79.1188656,$16150.14
205,205,-22.279958,-48.1255698,-6.3019,106.0776,$24247.68
206,206,41.93167,21.01333,-6.9524,113.6487,$43520.47
207,207,49.7549498,21.8253619,-22.5845295,-44.0491741,$16789.41
208,208,15.1048617,120.9216776,31.463475,120.649341,$13640.84
209,209,23.119172,113.202334,-7.6492089,111.4395128,$7304.25
210,210,-8.4183633,118.616207,38.864241,47.040538,$45289.63
211,211,51.8123584,20.065421,41.4266886,48.4345577,$20552.14
212,212,-8.7287229,117.666952,-24.0021525,-48.3502883,$242.82
213,213,53.3417941,16.0872459,55.816131,37.8768991,$41110.83
214,214,41.561877,108.925428,-20.0391408,57.6495717,$8926.17
215,215,41.5565343,24.0428542,32.90871,35.63198,$43706.83
216,216,31.2303904,121.4737021,14.3082674,120.9138589,$4251.28
217,217,10.61225,123.448209,49.6492023,26.9757217,$39075.08
218,218,32.13208,35.203342,-22.8636192,-42.3336313,$12388.83
219,219,24.614944,104.740588,37.0597622,140.8775769,$30600.76
220,220,-6.7387737,106.8768415,52.5652013,22.9056677,$13892.02
221,221,-6.8058522,111.9611919,8.5914775,16.0757749,$30533.87
222,222,17.387112,102.7755279,23.405908,104.649387,$4630.04
223,223,34.534829,109.088297,45.446079,11.0057554,$37082.00
224,224,57.7194979,11.9142911,15.051008,120.896625,$28579.71
225,225,-7.2558406,112.525711,-21.5447866,167.8854865,$42137.55
226,226,46.6202927,-64.386599,57.8661799,47.1083094,$30946.46
227,227,23.106401,113.459749,60.3599544,29.7380779,$39696.30
228,228,13.3666668,122.6500015,62.1549186,117.6331338,$19971.58
229,229,29.932442,114.36947,14.755039,121.0051744,$33969.86
230,230,12.0518011,24.8804853,15.4726227,-86.2945627,$16597.66
231,231,-6.939153,112.3188749,41.0751029,-8.3842718,$5072.05
232,232,-15.3612378,-70.3628516,-18.9300127,27.7593273,$11006.70
233,233,7.833333,-11.666667,53.0358086,24.0942729,$34634.21
234,234,22.814704,113.672784,30.20856,120.211816,$10551.96
235,235,41.6755501,20.0553882,31.630613,118.421214,$2313.94
236,236,52.3636588,4.9355226,34.158997,108.906994,$43274.14
237,237,10.031243,-74.97611,22.495591,113.297919,$37034.65
238,238,30.594336,105.236903,7.7102381,3.9190062,$18854.56
239,239,-25.330584,31.016119,5.414515,100.329744,$2279.86
240,240,35.872664,120.04619,14.5732425,121.020976,$44780.22
241,241,40.09864,119.949545,32.147679,114.091192,$10210.59
242,242,-28.8241753,17.256296,32.694081,35.396231,$33599.96
243,243,-6.9375866,108.5522531,44.7733293,19.734522,$25606.18
244,244,57.1101387,61.3976419,51.532126,92.8882656,$39762.57
245,245,51.56696,15.53798,53.1905954,107.3306835,$24222.52
246,246,47.273289,-2.204647,7.2754704,6.107645,$31600.52
247,247,38.031942,-78.498585,54.9137734,33.2971034,$46254.82
248,248,40.4742778,49.8255553,15.0251887,99.9241575,$48741.62
249,249,-6.3019793,-60.0259466,46.6794431,29.974368,$46635.23
250,250,-9.2993916,14.9096846,22.720595,113.829667,$9845.41
251,251,48.8423175,14.6392384,31.2690077,130.4363527,$16647.82
252,252,6.0102236,-72.4494848,-26.883247,-60.216667,$10764.87
253,253,45.5833482,-73.4372336,8.5914775,16.0757749,$42979.31
254,254,50.5927407,107.5886948,18.0735299,-15.9582372,$43196.51
255,255,-1.6635508,-78.654646,64.8377778,-147.7163888,$20028.77
256,256,42.4922477,21.5985177,49.6700809,39.1790911,$36000.52
257,257,35.5916647,37.0051383,19.602311,-99.1732936,$4121.94
258,258,11.7863324,-0.3654204,45.638468,0.129895,$30953.13
259,259,14.29496,44.68504,48.655181,25.7096503,$11357.65
260,260,51.4633686,19.0896399,-29.9846105,-50.1326727,$19796.56
261,261,-8.5497299,115.2199829,-21.4261129,-45.9481612,$49102.10
262,262,40.8570429,122.7613525,40.2655961,23.2039759,$44890.69
263,263,13.9448964,-86.8508942,12.1149926,-86.2361744,$33397.37
264,264,53.132048,8.7398289,59.2212515,17.9196922,$17169.22
265,265,57.6044065,35.9190561,40.7701712,22.934224,$7832.45
266,266,-36.5951114,-61.7625424,7.5252594,122.3617095,$35786.99
267,267,-20.692675,164.991636,-25.4021046,-49.1347813,$1785.34
268,268,49.2549921,17.2899103,14.5849522,121.0777423,$44346.41
269,269,15.9866126,120.3656906,-31.4505323,-64.1847851,$6383.17
270,270,34.9904542,126.4816856,27.928835,101.280205,$5578.64
271,271,28.650932,86.435767,25.700731,107.631177,$13543.17
272,272,-3.5943944,26.6700737,45.7787293,3.0857432,$35879.30
273,273,-5.0175431,-42.5117238,14.5458392,121.0044883,$9290.13
274,274,40.9981633,47.8699826,41.6434293,42.9934449,$12483.55
275,275,18.2886378,-99.4526826,43.8324929,4.3662321,$8581.46
276,276,29.432849,110.923502,24.979855,109.983076,$46227.15
277,277,56.5646213,53.8155143,-7.7285206,110.7897275,$17706.82
278,278,35.4403783,36.65721,30.274084,120.15507,$37433.84
279,279,24.908293,102.650211,38.9039998,100.103698,$1260.37
280,280,19.6632775,-99.2058279,30.823499,104.158705,$9195.34
281,281,26.888665,112.616612,13.1795278,32.7520139,$25539.93
282,282,60.9182792,24.6382505,-6.9828037,109.5568089,$2553.94
283,283,56.07458,92.8703415,33.094679,100.596781,$4413.69
284,284,36.200252,117.087614,-21.8898802,-47.6455169,$901.24
285,285,51.3666314,6.1313871,22.545902,114.089617,$7109.41
286,286,38.9022136,-9.0443293,58.1970987,15.0537794,$10416.75
287,287,27.352673,109.174932,41.3486394,19.8345726,$14590.56
288,288,35.88518,115.104389,23.156045,112.896606,$14538.42
289,289,16.504382,104.0304535,16.9457374,102.5757028,$19489.13
290,290,-27.4955748,-48.6553685,52.0825062,4.8461786,$22082.19
291,291,-8.3628,123.3026,-6.9070543,109.3575011,$31329.72
292,292,65.9624289,28.1238568,28.301938,117.799676,$16383.42
293,293,45.875212,6.087112,47.2195152,-1.5651373,$48308.00
294,294,30.202014,103.710302,41.411881,71.4833652,$31167.04
295,295,51.3854177,20.4867499,-1.2664363,132.0484904,$10144.97
296,296,15.5651234,102.5814416,44.685084,130.45697,$17647.27
297,297,-10.6872332,-37.4329352,52.5125385,16.8395278,$46563.98
298,298,13.6343413,46.0563212,53.5900195,9.9897946,$23798.80
299,299,46.6063814,15.7861748,40.4878138,-7.8661822,$45644.74
300,300,15.97431,43.46381,38.0187253,140.1471983,$40556.18
301,301,36.182571,116.768358,7.9632405,123.8751554,$47972.84
302,302,-22.0791603,-51.477858,51.463,104.6425,$5403.49
303,303,56.8881364,65.8835448,-31.4531985,-64.1565402,$20268.05
304,304,59.8637584,17.6205874,35.0150933,33.7405967,$16603.68
305,305,-27.455258,-55.754731,55.5039231,46.3984938,$13426.91
306,306,23.092389,113.657419,5.7525387,-75.4810786,$13042.15
307,307,43.5661719,43.4895256,49.6968574,19.9506717,$38874.47
308,308,40.92194,19.71778,-6.6551319,105.8466437,$40538.22
309,309,-34.6146409,-58.5056396,53.3758568,-3.1605843,$37074.83
310,310,-9.4118909,124.4918988,41.119997,122.070714,$37826.12
311,311,8.0275138,79.8367828,19.7899891,-99.6684882,$49184.23
312,312,48.5129473,2.6780176,33.9485698,44.9159938,$13737.41
313,313,10.3753838,123.9555544,39.1228935,-95.624767,$4425.53
314,314,-23.5535152,-46.9354774,50.3815209,24.0089352,$28905.25
315,315,39.367146,26.1751462,30.77175,81.61526,$28343.83
316,316,22.995838,113.933872,6.6548369,8.7976937,$31679.93
317,317,14.6004472,121.030802,-4.1034782,-81.0451037,$26478.55
318,318,-21.8930428,-45.5939292,8.1642301,99.6756794,$4754.07
319,319,14.5792342,120.9965883,-8.2922696,120.4415242,$12777.46
320,320,43.8051322,43.7759042,33.048227,120.575443,$43561.81
321,321,13.0695031,-3.0626284,7.4143831,81.8306334,$8738.79
322,322,-27.9424308,153.3970962,33.189192,120.103473,$9600.55
323,323,16.6482598,101.0118776,-6.3235522,106.6948015,$47058.93
324,324,6.0825,124.4327774,53.77377,50.163839,$28303.22
325,325,-7.503663,110.271099,12.9953534,15.7321831,$17951.94
326,326,35.2866986,36.7415432,22.948016,113.366904,$48067.81
327,327,54.7083095,76.5513541,49.8575338,18.1508117,$17998.96
328,328,39.9729825,67.199876,-8.7393,121.3054,$23895.37
329,329,41.1241415,-8.2082378,29.086221,119.571633,$40338.25
330,330,34.90704,36.40444,-8.5003,115.0188,$41694.11
331,331,29.451926,60.8841983,-24.5323166,32.9831998,$17891.50
332,332,-22.9098833,-47.0625812,13.6343413,46.0563212,$22981.59
333,333,36.386498,120.4393126,23.7247599,108.8076195,$20156.86
334,334,-7.2894986,108.1873407,14.5703297,121.1473998,$24886.81
335,335,31.0409483,31.3784704,11.8554828,-86.2183907,$22183.25
336,336,41.0529013,-7.2705019,41.3895075,60.3414529,$16168.59
337,337,-12.6117479,-76.6701475,6.3802946,116.4246476,$40086.34
338,338,10.898923,-74.883823,-11.748639,-75.4854472,$9420.33
339,339,52.1985472,20.6169567,29.528923,104.990101,$42537.73
340,340,50.98804,16.83363,41.07,-85.14,$11368.54
341,341,51.2262018,6.7866433,47.758214,37.6772484,$44774.06
342,342,-22.0853991,-65.5975218,49.7744492,17.7494174,$5092.00
343,343,-8.8025,117.7774,-22.5899119,-47.5177229,$40205.29
344,344,29.276391,109.709717,42.3894673,23.7275817,$37771.90
345,345,-21.9751571,-46.7997801,27.706424,115.467884,$18487.16
346,346,53.602954,53.0390034,32.9808142,130.5050825,$4868.38
347,347,32.010214,119.606439,48.6939078,2.3491182,$16035.23
348,348,37.7937857,22.8003951,38.0473429,22.6834064,$16125.57
349,349,-6.9353179,112.548349,57.7194979,11.9142911,$27709.90
350,350,-7.2758,107.1329,39.7975767,-89.6551671,$17622.70
351,351,30.853265,112.375491,28.628189,117.117138,$33436.80
352,352,45.8316463,17.3855429,59.3573116,27.4136645,$22271.76
353,353,24.983953,101.527027,45.5155832,-122.6788535,$12566.99
354,354,49.7720225,4.7201792,63.3767052,23.472317,$25617.46
355,355,40.9981633,47.8699826,55.5305674,41.1014277,$40335.33
356,356,-7.023104,108.2763069,31.228026,121.454211,$26363.05
357,357,38.9458437,-8.9978149,31.889745,120.036434,$25357.52
358,358,37.715193,112.47794,56.0161995,45.0457463,$41735.02
359,359,-10.1082359,123.7727229,8.919623,124.783907,$46856.62
360,360,54.4398875,16.3827955,34.7173896,135.3372233,$49794.34
361,361,-8.053523,111.8598395,60.1862,12.0056,$24475.23
362,362,29.4315861,106.912251,46.2657181,-81.771057,$22348.01
363,363,32.225262,35.070676,35.64773,10.89046,$43099.88
364,364,-6.7120714,108.495859,35.8614715,36.7981073,$24529.62
365,365,63.7388395,34.3097519,14.23306,120.80056,$36256.02
366,366,-43.7567555,172.0223196,45.6258385,0.0629891,$1685.24
367,367,11.5521428,123.1156361,37.8519345,23.8408158,$4020.51
368,368,4.974252,-74.291386,39.289991,112.340495,$47175.72
369,369,19.3851705,-99.1837453,33.8013678,72.9003298,$48614.43
370,370,14.5644981,121.0309439,-7.9780918,112.8007246,$36617.39
371,371,21.0471807,104.2991973,53.3004898,-6.2634596,$14428.15
372,372,-34.6672811,-58.6162188,30.108216,104.677091,$24482.56
373,373,36.533333,69.016667,23.131797,113.407143,$12566.90
374,374,40.7702563,47.0496015,-9.4954726,125.0265256,$36431.94
375,375,38.371402,117.329949,32.675098,-17.028154,$30293.05
376,376,38.7178621,-9.3240249,55.7,37.75,$12927.18
377,377,30.3659761,50.7936301,-18.3714305,-54.6972774,$2022.03
378,378,55.8874526,37.0330937,58.629948,25.5572383,$10497.40
379,379,7.7785093,98.3031575,30.3537023,31.2020516,$26517.71
380,380,10.7006857,106.3228338,50.0116973,17.0907562,$23135.78
381,381,13.871805,101.052868,9.316446,16.1610343,$9560.21
382,382,32.901093,-6.7761686,17.5165974,104.0769024,$2508.78
383,383,38.927978,-9.238643,-6.8497713,108.64553,$32304.03
384,384,50.1919788,14.493582,61.0816055,46.4952164,$33306.98
385,385,49.8162612,15.4768669,35.657343,107.730679,$27795.30
386,386,27.692542,111.664316,6.92477,158.16109,$19802.21
387,387,23.157289,113.273288,28.441557,120.41341,$2443.68
388,388,10.18462,104.92959,35.383289,112.662069,$45419.92
389,389,31.648038,113.229941,34.2622961,-5.9239749,$28223.46
390,390,31.598328,98.326906,50.0622,-96.51669,$12544.91
391,391,-10.22485,120.548897,-15.8146532,-47.9029793,$335.87
392,392,53.5281012,16.0186245,17.0516148,-13.9114989,$1535.67
393,393,11.7744786,124.8827037,55.983852,92.8465307,$40401.64
394,394,38.071659,114.275059,55.796264,37.719368,$40865.81
395,395,41.4642919,-74.3623566,31.189496,121.42185,$8336.70
396,396,38.521085,102.194089,3.1523104,101.7178316,$45063.67
397,397,53.2001742,14.7571949,36.1460832,120.4873619,$18970.09
398,398,35.5770451,51.4624642,36.650038,101.766228,$10599.43
399,399,-23.5795137,-47.9985512,33.016688,35.347106,$13444.67
400,400,-8.4849,115.1348,-45.8802629,-67.5305258,$16187.18
401,401,40.1311441,-8.3924705,38.530028,114.976639,$23955.75
402,402,28.108504,116.382014,51.82709,17.4539199,$2232.77
403,403,43.0007361,23.341193,45.7022123,17.1723945,$5432.60
404,404,49.01671,-57.59837,49.8602445,13.7726288,$44402.92
405,405,-23.1157079,-52.0851258,38.7280454,-9.3225944,$9771.80
406,406,17.1522786,-89.0800227,50.5856582,16.3318151,$24713.25
407,407,-25.1169056,-49.5076392,-21.8421051,-47.4710798,$43338.69
408,408,-6.4713068,108.4572788,-11.8073632,-39.3809152,$41049.85
409,409,35.5267333,135.8074728,31.181726,121.426376,$12983.22
410,410,47.4912362,19.0858151,54.922013,23.956344,$43890.35
411,411,2.7239834,101.9476452,41.821778,124.048453,$34399.56
412,412,24.3154419,109.3656914,13.5074239,120.9274735,$25174.83
413,413,50.1987725,39.5632497,48.9467896,2.257134,$36889.03
414,414,59.3630303,17.8737269,31.294176,121.320622,$13457.89
415,415,-15.6903468,-39.1127352,22.44668,114.033953,$44465.70
416,416,53.510243,-8.8562835,49.3320487,15.6123444,$42446.72
417,417,29.4099289,120.1289162,38.2905469,139.5501904,$14454.47
418,418,-9.7918763,119.9393608,31.068706,121.713538,$25742.10
419,419,52.2445931,104.2483085,23.106401,113.459749,$20504.87
420,420,6.0343516,124.5217429,19.9093383,-102.1618424,$21435.64
421,421,8.2659713,16.9388118,6.456558,125.5372025,$29949.22
422,422,0.663325,103.4569571,7.4854917,122.3399664,$42615.13
423,423,10.444021,-75.275171,-13.2513786,-43.4112394,$2813.86
424,424,-31.3320807,-64.3084285,38.4576605,-9.1065809,$29719.61
425,425,-7.6155876,110.7167165,30.521605,111.592073,$27584.71
426,426,60.2615318,37.9796654,-2.688962,111.622398,$21037.89
427,427,50.9190109,23.5462738,29.741986,106.273576,$47758.30
428,428,52.6053795,39.5788904,37.3100775,-5.9647536,$39157.02
429,429,43.8006906,5.8147664,17.9567646,-102.1943485,$3617.14
430,430,49.6246813,19.1833654,31.298974,120.585289,$5828.81
431,431,30.9541295,20.1194129,-17.0127475,48.571263,$22140.91
432,432,-17.0656965,-39.734338,49.2412468,30.098993,$12737.44
433,433,42.6210627,20.8905019,16.7733926,101.2451095,$17807.02
434,434,13.4932664,100.9637456,40.1014047,44.3906123,$32522.64
435,435,19.09535,108.651815,36.809895,116.428916,$34600.01
436,436,43.5687705,27.8342003,27.340326,117.492533,$22296.59
437,437,49.7514502,6.4641645,-35.4232444,-71.6484804,$10044.04
438,438,-14.4765263,-71.3957971,-25.9239093,32.465802,$42743.22
439,439,42.611806,-71.3329476,48.4470051,23.2604434,$28922.89
440,440,22.765392,112.964446,-20.6984299,-44.8256777,$3185.67
441,441,53.8419317,14.6143984,59.4641209,18.0433215,$23431.30
442,442,58.3786073,11.4865869,14.2845667,122.6794094,$24564.75
443,443,-25.9685155,31.2483291,-7.3090733,108.1859765,$10764.19
444,444,13.0742447,101.0084698,-2.4050206,11.3572893,$32753.68
445,445,45.106849,-0.6297654,6.3702928,2.3912362,$4220.95
446,446,26.6646381,87.271781,50.1249419,14.6929755,$12800.70
447,447,6.8698661,81.3481058,-10.6631,123.1415,$27221.41
448,448,30.8988598,121.381313,33.4316535,131.3529666,$31365.09
449,449,14.6116655,-91.5105745,-11.8073201,-75.4264609,$33928.43
450,450,50.7371757,24.1658808,47.4778423,16.1089064,$14971.72
451,451,39.6758453,-8.1457625,30.754014,113.820729,$12926.92
452,452,-6.8646647,107.5889804,23.309937,101.945085,$17200.12
453,453,31.88344,107.426375,30.9541295,20.1194129,$12759.29
454,454,23.043061,113.298675,11.1946369,122.5270677,$33795.54
455,455,1.0788178,30.3896651,39.75,19.683333,$5728.67
456,456,-7.305958,112.8135304,49.9749295,82.6017244,$20194.46
457,457,26.085391,119.583599,40.44,-79.98,$44291.55
458,458,-10.5086496,-37.4467952,43.9887651,18.1798837,$39610.52
459,459,-6.8572408,107.5088982,18.2604623,-70.1473203,$31967.12
460,460,46.160066,124.1436001,6.1747517,-75.5160235,$38846.28
461,461,49.8370072,13.5783393,8.9951264,124.8833084,$5214.17
462,462,38.052038,114.466022,-19.6339763,17.3316667,$29474.19
463,463,-0.9233715,100.4547262,44.5288785,11.3601525,$971.13
464,464,46.3349544,2.789104,17.5971816,120.6096456,$2395.41
465,465,51.0126464,15.510661,-18.8791902,47.5079055,$37571.94
466,466,35.8746739,10.5718086,51.7157581,17.2266796,$3687.03
467,467,32.321086,35.369953,50.5803842,30.0105737,$12637.71
468,468,42.8911415,73.2320957,28.879936,106.935101,$9062.48
469,469,-22.9941291,-51.1931385,37.4713134,-7.4720384,$39146.44
470,470,56.0349544,35.9510395,57.6194,34.40988,$37122.07
471,471,23.116886,113.237353,14.5919106,121.0228804,$34474.80
472,472,16.720024,103.5668302,-20.9868314,-42.0979633,$9290.46
473,473,-12.0582305,-77.1053673,46.6974533,35.165005,$5974.97
474,474,22.200895,-97.8531153,28.303163,120.614287,$1888.43
475,475,12.4317585,4.1956212,29.584292,111.380014,$47468.10
476,476,31.032243,121.227747,35.70915,10.67397,$13610.28
477,477,7.813374,123.362634,-37.5481968,-62.7684331,$5956.45
478,478,14.5655902,121.0288144,-33.5922807,-71.6055123,$5718.70
479,479,41.1604713,-7.7452871,52.3636588,4.9355226,$7838.58
480,480,31.298974,120.585289,-1.7879521,-79.2873953,$21677.55
481,481,49.8508,-100.93262,-6.8099748,105.8583873,$19945.40
482,482,13.918464,-90.872553,-27.574998,-50.1626664,$7438.02
483,483,48.3343908,24.8195808,10.0679356,105.9464874,$1194.32
484,484,-27.7828418,-64.2837225,39.4763332,-8.6457376,$47230.92
485,485,-25.9731585,28.2124013,29.72277,106.53519,$9790.11
486,486,43.7764262,16.9261199,44.2682727,19.8906547,$48723.08
487,487,36.8092579,27.0981016,57.2992579,39.8548496,$36315.48
488,488,9.442952,-75.5509602,58.251749,57.612388,$27040.96
489,489,-7.2679917,112.6626281,42.1636682,20.1893997,$11136.51
490,490,48.7877067,2.3300777,41.741781,-7.4731648,$2907.12
491,491,11.0068891,123.9185105,-8.4701452,115.150378,$26160.02
492,492,63.0923534,21.5863577,5.6052635,27.4673845,$17973.40
493,493,50.4853152,30.4983392,-7.5450262,111.6556388,$27710.34
494,494,9.1248242,37.0588169,-33.63973,19.446007,$38820.53
495,495,37.9440927,139.3739616,-6.197602,106.896143,$19190.95
496,496,45.310056,-75.8292031,45.6446494,38.1651985,$13949.49
497,497,-23.4697466,-57.2635114,49.579879,17.289051,$21969.27
498,498,-8.728779,116.3928301,-20.8890637,-48.6790007,$49979.40
499,499,37.9098504,-84.4172666,43.2270189,17.536297,$46342.58
500,500,12.2651512,-85.0778886,48.523117,34.613683,$49455.70
501,501,24.723961,116.732091,41.9314429,12.469587,$41849.56
502,502,59.1743317,10.1431781,-6.7453352,34.1531947,$22984.01
503,503,6.7496639,11.8036596,-6.4933318,106.8809319,$48916.00
504,504,32.00018,35.28152,38.36,-81.65,$15737.52
505,505,39.81889,117.42361,48.9000154,17.6961852,$31669.62
506,506,8.8702881,-79.810063,3.1523104,101.7178316,$7402.22
507,507,39.1217895,66.8856247,-23.3549445,-47.8451996,$42597.78
508,508,-8.2614583,-77.8988897,38.6271104,-9.0346456,$20949.86
509,509,41.2675718,-8.1984042,39.7167888,-104.9665815,$15012.11
510,510,32.42465,35.364533,43.1905743,3.0057099,$22948.99
511,511,-7.4703872,110.9387418,8.9990207,-79.5217021,$998.31
512,512,18.7915629,100.7832784,46.2280625,14.666088,$31262.58
513,513,59.8879013,10.802721,42.6503176,77.0852258,$996.08
514,514,10.274447,125.257432,30.274084,120.15507,$14144.95
515,515,28.6909216,113.5978392,-21.7414439,-48.6891129,$578.96
516,516,-9.3294895,125.2697802,28.871569,105.44174,$43348.44
517,517,16.9704996,-99.1015181,38.2342865,140.3509794,$12140.36
518,518,49.3197453,17.0367923,48.1285846,38.0317812,$18693.68
519,519,47.49476,8.740263,27.630806,114.029827,$46250.97
520,520,34.2698909,108.9469437,-9.2263237,33.6422932,$5304.36
521,521,32.460037,112.228897,53.2109968,40.3495943,$15814.92
522,522,52.279986,17.3522939,59.9050895,10.7673005,$38551.88
523,523,22.183206,112.305145,-7.4405996,108.7766309,$29772.12
524,524,31.126412,119.179656,54.9377761,26.6910443,$47594.38
525,525,-0.789275,113.921327,41.6102475,-8.7135144,$1075.41
526,526,37.0038961,21.9202642,16.1535575,-13.5032081,$22639.67
527,527,41.549665,-7.3871483,22.543096,114.057865,$38703.67
528,528,36.1457192,-86.8066559,28.406359,-106.8654066,$20340.94
529,529,50.2294568,16.2923097,28.0185886,89.9253233,$46178.96
530,530,31.7338222,118.8719394,38.6913664,139.7516875,$2647.46
531,531,23.1041815,-82.1604849,-29.2581646,-51.5289168,$2695.27
532,532,-6.9484206,110.2579036,-24.9288708,-53.4392535,$43212.63
533,533,11.0430889,123.9601672,59.8292954,16.5457017,$46697.57
534,534,34.058401,107.319116,31.6749725,-106.4181775,$8406.42
535,535,-22.0573092,-46.9774205,49.35499,-97.36567,$24864.41
536,536,-6.9000441,112.9029014,33.8941993,48.767033,$43443.19
537,537,62.7246159,29.8314098,53.7721333,14.7790457,$36208.70
538,538,50.6283477,18.7971435,53.8458953,19.6034448,$46502.30
539,539,51.5141668,-0.1331854,50.0994726,24.3454482,$47645.49
540,540,43.960744,124.582546,27.829795,112.944026,$19937.26
541,541,45.5641261,5.9680907,6.7810505,-76.7798172,$16906.75
542,542,29.1696666,48.1175767,15.5724296,-88.0350859,$14160.06
543,543,40.3459138,23.3097061,35.88518,115.104389,$12359.96
544,544,40.3808163,23.9238045,44.9158731,-0.2363562,$28900.27
545,545,14.4142191,120.9495257,49.8259726,21.9974055,$10303.15
546,546,30.692993,112.573483,31.83889,94.43722,$36998.39
547,547,35.201548,114.668936,-6.6034663,106.470036,$41817.92
548,548,40.864318,-73.7977928,35.6206812,-5.4519,$1194.79
549,549,-23.4794456,-46.382126,16.504382,104.0304535,$36861.87
550,550,3.5126215,33.9750018,14.5165603,121.2786716,$15636.86
551,551,-9.7089,124.2564,11.9415629,121.9426647,$13462.35
552,552,45.2625083,17.427272,29.338873,110.525449,$44153.20
553,553,47.6022755,6.2194418,14.0651123,121.2462166,$17902.95
554,554,-8.3010912,112.1489829,51.1672774,18.0050053,$46164.41
555,555,41.7130775,-8.687644,51.3410301,22.753461,$31210.31
556,556,59.4874462,17.8147061,35.924514,114.357763,$41634.50
557,557,42.901533,125.136451,27.392873,114.619893,$29641.63
558,558,31.7338222,118.8719394,-28.2963334,-52.793776,$22570.03
559,559,-15.7874406,35.030814,59.277977,15.211673,$947.87
560,560,37.9656089,23.5677089,35.580629,104.610668,$11011.40
561,561,5.8294025,-75.9928971,38.8605311,125.7898106,$44429.26
562,562,27.6873608,83.4323375,41.1733305,-8.3619748,$17009.30
563,563,37.7801069,-3.8235525,49.7370109,17.427878,$232.53
564,564,38.7917289,-27.306593,18.0675189,-63.0824656,$23626.38
565,565,36.9564827,118.1147469,62.1588835,22.2669813,$36205.48
566,566,-7.3519383,109.0809868,8.2260557,124.2518415,$36957.66
567,567,-7.1221059,106.5701927,50.0105928,12.624753,$44438.34
568,568,52.4402961,20.6717224,60.6466216,17.0064517,$23901.73
569,569,39.0483943,139.8738552,49.7245218,16.8754183,$31919.20
570,570,41.6704519,-4.7135268,9.88293,-85.529061,$46639.75
571,571,42.8043197,132.8288963,68.50472,112.4485,$17884.53
572,572,-6.4296,105.935,20.123518,-101.1833267,$31137.70
573,573,46.4922368,15.8777956,4.3809566,96.0440964,$14767.89
574,574,14.5072887,121.0064151,49.8370072,13.5783393,$4505.94
575,575,-7.3486892,108.1293228,31.674972,-106.4183141,$41685.69
576,576,8.9924711,-79.5069436,40.2252364,-8.5846629,$46483.83
577,577,16.503112,107.3375791,31.19793,94.03543,$1280.30
578,578,-19.7864376,-42.1365821,50.4064969,17.301758,$43921.85
579,579,23.326616,110.034076,52.2766397,5.162358,$35756.43
580,580,-8.3921715,115.2956118,31.060387,31.6511258,$49756.01
581,581,31.298974,120.585289,-7.0773485,108.4602464,$35765.78
582,582,39.944315,116.809657,-2.982802,119.663002,$45509.37
583,583,4.994942,-75.8048759,14.34399,45.72623,$13875.37
584,584,-6.3019793,-60.0259466,-6.2185725,106.9723202,$2791.21
585,585,53.5484541,18.9455238,23.0594685,113.8146974,$28511.95
586,586,9.5646371,37.0990498,14.1752039,-89.7445776,$27586.90
587,587,31.269454,95.63196,37.540621,120.506155,$13231.20
588,588,14.72328,102.1609718,33.612843,113.667436,$19303.67
589,589,14.4801593,-88.7908717,40.256729,115.474295,$24504.06
590,590,5.042569,-75.514771,32.3194054,35.0239857,$29913.16
591,591,57.0228035,28.9142107,43.4945737,5.8978018,$6299.74
592,592,20.3332172,-77.1197521,-22.8824635,30.1454694,$26494.01
593,593,24.304673,113.136459,-7.6594377,108.6086561,$21232.36
594,594,50.6000912,94.9998807,48.8117212,29.9738949,$31743.82
595,595,28.976995,116.762907,50.8033215,44.5657928,$12665.15
596,596,29.432849,110.923502,23.110052,113.240664,$23333.43
597,597,-9.5974717,124.4863567,18.0313661,103.7089573,$10396.44
598,598,-23.5893189,-46.0107997,55.9711379,37.9358133,$26414.31
599,599,36.4596214,10.7830826,41.0390875,-8.5746201,$13100.83
600,600,-9.503288,119.384697,51.068668,22.9614463,$12698.45
601,601,54.9086072,82.9751504,-6.8065,111.3806,$1215.11
602,602,54.5071478,30.4119546,10.4492758,-84.2725621,$7681.01
603,603,53.543617,49.2636336,45.601784,5.131041,$14741.63
604,604,48.9957904,29.4397153,51.752684,36.1522509,$47839.12
605,605,10.1111834,14.4432179,31.074834,109.879153,$45491.11
606,606,48.5347071,7.6370168,34.1349887,-118.1507494,$25752.44
607,607,30.572815,104.066801,-0.9470832,100.417181,$49098.84
608,608,34.79925,108.580681,30.107387,121.402682,$25521.24
609,609,43.6399974,1.4282563,49.9890993,18.5699721,$8056.13
610,610,-18.3558779,26.5019976,9.1526728,105.1960795,$28359.90
611,611,28.761896,121.491501,32.5236404,35.853757,$34713.49
612,612,14.5671014,121.0312325,-35.846407,-71.5996137,$7914.56
613,613,43.4945737,5.8978018,14.4514337,120.9791625,$21505.41
614,614,-2.7968956,115.1859517,23.047191,112.465091,$12222.73
615,615,40.2938995,45.1360148,41.1399814,-104.8202462,$43648.42
616,616,-7.1757667,111.5811123,-7.9484331,-36.2064182,$26076.03
617,617,45.0610659,18.4690346,-6.2360264,106.3198908,$9311.50
618,618,41.4174956,128.2035269,-24.023293,25.4896433,$48845.27
619,619,30.115083,102.810415,45.5824038,19.0552361,$30642.72
620,620,25.962888,119.523266,10.6952642,106.704874,$13498.52
621,621,41.6560291,-83.666758,37.3743044,60.5008307,$35130.62
622,622,13.8105014,99.8766825,22.529403,103.93935,$22798.67
623,623,56.232836,43.8367278,12.5641479,-16.2639825,$19721.24
624,624,5.4552197,100.4115631,-6.9042641,107.6474283,$48288.21
625,625,31.680023,114.576901,30.4659284,30.9305801,$12483.25
626,626,31.032243,121.227747,-24.7762704,25.4141193,$28323.95
627,627,41.634449,22.4665446,25.242158,117.326355,$44972.90
628,628,31.77,-106.43,32.501495,119.196466,$37613.46
629,629,48.8335842,2.3757659,-5.0898252,105.3241245,$26821.34
630,630,7.3750631,-6.4769877,28.2281301,112.9884237,$33129.13
631,631,-8.3187176,114.2524236,9.1539482,-70.5778068,$5520.85
632,632,13.4960361,-88.5299428,36.604225,116.249785,$28951.94
633,633,-22.573223,-47.1731269,58.3353986,12.3257105,$26841.97
634,634,11.5484585,8.8583309,39.5093131,-7.8148208,$42294.59
635,635,35.202503,102.521807,-5.3003056,105.6823124,$11957.19
636,636,34.401112,107.759245,18.907778,-70.719444,$11468.53
637,637,51.068668,22.9614463,23.364295,116.700277,$19739.92
638,638,19.6683311,105.4448838,50.6302806,3.8861843,$33781.17
639,639,30.3152434,-81.6856808,48.9005909,2.5197726,$20593.47
640,640,51.098127,66.3165471,-14.2576342,-69.1692951,$13502.35
641,641,-8.301579,123.0648331,34.668335,136.3670325,$42264.69
642,642,27.932747,120.811213,16.043877,120.131429,$39492.32
643,643,27.578926,110.040315,40.9933396,21.4188894,$24219.10
644,644,38.416663,112.734174,45.6878582,18.4041894,$5008.08
645,645,34.4729886,-5.295876,24.094765,116.00509,$27343.17
646,646,50.3150962,34.9005644,49.663978,90.2905901,$27530.44
647,647,39.030297,117.566112,23.624141,116.289146,$41635.77
648,648,14.651459,121.0380826,17.1056791,120.4557309,$21388.10
649,649,10.391584,-84.138109,22.625636,114.038535,$2820.02
650,650,34.407966,108.347731,39.227382,117.036824,$2500.14
651,651,30.145729,120.589457,-18.998706,-47.058302,$40985.32
652,652,52.7990255,27.9918895,10.656869,38.1662152,$16186.62
653,653,-15.8402218,-70.0218805,-8.2219,113.0597,$24957.50
654,654,-7.8169756,111.9790773,29.932442,114.36947,$44151.15
655,655,38.9835516,-9.0774591,59.3542694,18.1855698,$28176.17
656,656,44.053592,80.874181,17.1390992,102.9715346,$19464.99
657,657,28.583113,116.935849,-27.0501654,-55.5746294,$31791.75
658,658,54.7767925,56.0399438,26.7255231,128.1765722,$13843.18
659,659,30.5383451,117.0666454,-31.4115298,-64.2457699,$7965.33
660,660,30.167585,120.234391,-7.3052247,108.3059677,$34132.15
661,661,43.0283952,-85.7564107,-21.5354088,-49.8569266,$32606.12
662,662,57.73598,47.01265,49.5706463,3.6245097,$19988.89
663,663,16.1091703,120.0885626,23.131797,113.407143,$33588.68
664,664,41.027698,26.2935333,-8.6595,120.7129,$38425.49
665,665,38.520089,102.188043,30.4649282,-84.3857442,$10377.87
666,666,-7.7546,114.0625,31.717564,119.382381,$10857.03
667,667,41.119997,122.070714,-8.0580651,-79.0552494,$25360.07
668,668,34.811495,108.531138,36.003739,106.287781,$27796.19
669,669,48.9776522,17.7311963,-20.6,-64.55,$9770.16
670,670,-8.452,115.262,49.6428895,100.1771896,$39590.80
671,671,37.6917333,126.597295,30.131784,120.056029,$19140.26
672,672,-8.1054,113.2827,59.9050895,10.7673005,$47842.55
673,673,47.9039934,106.8227864,59.3549627,17.2093329,$39111.46
674,674,52.8996249,28.6709271,-12.2684648,-41.5612423,$36966.53
675,675,38.6134405,-9.0019336,9.08556,125.57278,$1573.76
676,676,38.627867,114.506303,42.871502,127.501873,$40105.20
677,677,-7.893728,110.1434668,3.6618244,98.8114707,$35425.35
678,678,41.65041,59.9164,29.355908,109.671458,$21175.42
679,679,59.8095749,29.9755395,50.8304668,15.4781267,$28254.24
680,680,-6.8713485,111.639243,30.20856,120.211816,$21089.66
681,681,48.6618569,91.339774,58.5642523,12.0657604,$11787.50
682,682,31.311756,118.372655,53.2767301,-6.2554371,$47801.58
683,683,-33.7902407,-57.4895998,14.5024732,120.9921722,$42796.48
684,684,-7.5450262,111.6556388,30.515478,38.2216491,$47601.93
685,685,44.18333,15.65,-32.7071454,26.2952385,$2997.48
686,686,56.1138556,13.6083989,56.0764877,38.5052448,$32023.30
687,687,30.9781287,31.162448,29.985295,122.207215,$38858.63
688,688,14.5732425,121.020976,-7.13754,107.68305,$1732.63
689,689,-1.6635508,-78.654646,49.7821352,23.6611306,$45479.59
690,690,-7.1617465,-78.5127855,56.0017,55.928,$40084.29
691,691,41.2311557,19.5449078,31.364902,108.249509,$46789.17
692,692,61.3660499,22.0084795,50.6538116,-1.1547612,$18317.19
693,693,19.3851705,-99.1837453,32.990664,112.528308,$35286.93
694,694,-6.2277509,106.7092723,31.172739,115.008163,$31048.10
695,695,53.1395216,14.4504726,56.3825759,14.0267172,$26837.38
696,696,55.4602073,50.1454514,35.215892,113.241823,$19114.35
697,697,16.663904,121.451539,13.8135951,100.4227992,$6892.18
698,698,23.1635991,-82.2854848,22.543096,114.057865,$3842.72
699,699,41.276688,80.238959,-6.7790605,108.2852049,$24952.36
700,700,45.6232258,63.3139829,32.0948805,-6.6037016,$30996.64
701,701,53.5380522,17.2364118,38.2764328,67.8927472,$42177.31
702,702,-2.4944583,106.3228338,-8.339302,122.8366556,$43902.23
703,703,3.22059,-76.415465,50.4233463,80.250811,$1377.42
704,704,-13.6616515,-73.3767641,17.0521348,121.7050399,$49032.91
705,705,57.7868036,38.4503218,14.8221783,120.2851808,$1883.64
706,706,8.2885006,124.7789045,29.483344,-98.5207797,$28154.87
707,707,41.733296,125.5668499,23.028956,113.143441,$41426.40
708,708,-6.2746751,-79.6080967,55.1604671,49.1738671,$2679.25
709,709,61.1699194,33.0828972,39.207953,117.115904,$21087.60
710,710,40.6108358,43.1000425,-6.9160809,110.9036507,$40856.53
711,711,14.7869469,120.9952041,40.8024339,-8.5959634,$40592.69
712,712,11.4864025,-69.3503307,55.8389853,37.1414146,$18930.44
713,713,28.264515,115.9608,40.2766272,-8.4903311,$38123.59
714,714,13.9534752,101.7196704,55.775282,37.61479,$34338.32
715,715,36.806669,118.017938,10.4816837,-66.8603112,$31611.75
716,716,52.2795871,104.3213093,-19.4959312,-41.0713439,$6814.80
717,717,5.341352,-75.730957,35.24069,117.554287,$28913.54
718,718,47.298877,132.09903,45.79817,109.31826,$37157.93
719,719,58.4922889,15.5029738,40.0820173,113.2828702,$37195.41
720,720,28.4380408,-11.0987374,39.7446895,-104.9933772,$22062.76
721,721,7.6395498,4.7588042,45.304073,130.980894,$43057.09
722,722,62.0893368,28.9160917,14.2647129,121.0062678,$34326.59
723,723,44.346784,5.8855505,50.1629359,17.5748125,$13253.03
724,724,-34.5685748,-58.870055,13.6261714,123.1606556,$48456.72
725,725,-26.8325124,-56.2063312,41.2418116,-95.9673967,$16568.84
726,726,14.8288248,-86.5728785,30.20003,115.038835,$14594.52
727,727,40.7929026,43.8464971,47.25,-122.44,$12532.64
728,728,25.489383,111.160851,-7.6435908,111.3754214,$33440.57
729,729,5.5001866,5.9938339,8.956049,125.596794,$15686.71
730,730,27.820674,111.349622,7.3850041,125.7850005,$10378.39
731,731,37.9904219,23.6583002,36.2469586,138.8138456,$46118.32
732,732,49.8167342,20.5901226,62.5465831,65.628237,$32710.24
733,733,13.449097,-14.769285,13.7928009,121.0964563,$24475.04
734,734,24.012808,97.85193,1.5592261,99.0792263,$4975.14
735,735,33.1176647,46.1732912,35.063892,101.818885,$47689.08
736,736,41.6183527,67.1894488,48.8922474,26.8603864,$23896.75
737,737,56.5092219,25.7635891,1.1704451,99.2037508,$10293.81
738,738,42.6930655,24.4496426,47.5860611,-52.6912126,$6472.10
739,739,13.9047039,-61.0667869,30.572815,104.066801,$19828.63
740,740,50.3863669,13.0825375,38.3927202,23.7930669,$18774.81
741,741,-19.1694375,46.7405959,-6.576574,111.0683954,$45926.26
742,742,42.76631,129.427066,-1.2174907,10.5886928,$27439.35
743,743,-8.2600716,124.423984,46.2534684,16.6157314,$7734.85
744,744,-23.2987827,-45.9662542,34.8702789,138.2530386,$7519.08
745,745,68.966993,33.0991415,28.97844,117.151796,$8267.66
746,746,14.8454589,121.0912149,43.69694,44.93444,$40050.67
747,747,38.6395893,-8.9690651,35.4213103,-97.5734783,$37735.97
748,748,23.4024253,117.1166128,41.8760133,72.9401509,$47209.24
749,749,-8.5803424,116.3654707,23.101893,113.297193,$16710.12
750,750,-25.2929784,-49.2266344,20.1566488,-76.947022,$31247.08
751,751,5.3523231,100.3573891,19.214452,110.019489,$16314.76
752,752,-26.6329034,-48.6844637,41.1782587,-8.3257127,$4427.47
753,753,44.9811213,20.0818204,19.318366,109.948275,$45285.35
754,754,-4.0003104,35.778497,30.8861589,104.2532768,$16669.16
755,755,10.6794457,37.2597576,27.318852,115.444319,$30311.41
756,756,35.0633042,116.3184614,36.5888732,138.8434833,$25073.50
757,757,-9.805626,124.6031704,40.5042923,21.1592873,$44994.96
758,758,17.9179214,-76.579165,49.0426,2.087826,$15508.09
759,759,51.3605659,99.3468919,-20.2904186,44.2999955,$44638.53
760,760,17.0633593,107.0155599,41.3893716,19.8268842,$15037.04
761,761,49.7694382,13.5090071,-21.4649238,-47.0145295,$45416.89
762,762,31.058765,121.315718,-7.6387228,111.0460407,$45032.37
763,763,33.78529,63.24735,-7.6543174,109.2920742,$22054.71
764,764,39.749144,116.143267,19.3947363,-70.5263459,$47163.55
765,765,44.5047212,38.1300171,10.8081816,123.3788792,$46196.78
766,766,19.4849192,-72.483507,-21.7712926,-47.0856897,$37726.53
767,767,-6.2324516,105.8583873,41.2496914,-7.948491,$6302.37
768,768,54.2331,-125.7533,-32.7248333,25.5799503,$3348.36
769,769,38.3692314,140.0575901,55.7813005,37.6003808,$5108.03
770,770,-6.9325697,109.6579791,37.1878209,50.1575212,$2247.55
771,771,13.1789151,123.7396635,37.401244,22.1364871,$9219.24
772,772,16.080957,101.8037812,49.2176397,17.6970599,$49851.59
773,773,45.19045,33.366867,52.5125385,16.8395278,$40776.62
774,774,-6.9078713,-36.9111057,9.0056327,-62.6471664,$36618.11
775,775,49.9521295,22.4357438,56.8813564,56.570105,$28410.65
776,776,24.884626,104.308675,40.934156,123.2064649,$16438.72
777,777,7.9045188,4.3051542,15.444313,-61.444406,$29472.81
778,778,57.7050333,11.9551054,28.425613,109.56834,$772.18
779,779,53.800245,-1.48003,33.06748,107.023323,$20250.38
780,780,27.720727,118.132068,23.276324,113.57676,$35360.88
781,781,32.910459,119.85254,35.9676772,126.7366293,$34037.35
782,782,-8.4699,121.2227,-6.9524,113.6487,$33857.87
783,783,40.2442315,44.6342209,22.980665,116.342934,$36197.81
784,784,36.902846,116.331293,-7.503663,110.271099,$20695.08
785,785,22.720974,114.246899,10.0679356,105.9464874,$22292.62
786,786,1.683061,-77.072933,46.6275321,16.2176399,$48498.35
787,787,8.2435239,124.3401302,23.105394,113.874335,$5031.23
788,788,32.394209,119.412939,38.8333328,140.0106915,$7417.30
789,789,-16.7918481,47.6479775,13.3041159,-14.3864656,$40687.68
790,790,5.5047283,153.8190084,-26.99776,26.67672,$11224.71
791,791,45.7790993,4.9307738,23.7318903,-99.1502962,$18613.44
792,792,35.6403478,63.309294,-3.3259044,-79.8056661,$47603.19
793,793,-7.7701645,110.6511592,-15.7451604,-70.05478,$15990.03
794,794,-6.4698758,107.4780383,22.105035,113.188183,$7381.60
795,795,19.992977,105.8451758,20.8236509,-77.5791358,$3966.13
796,796,19.5269646,-72.2437813,57.2287633,59.3184961,$11417.59
797,797,38.9013413,141.3981944,43.53121,1.402934,$17256.11
798,798,-7.4892361,-38.9842531,37.0909826,138.1698009,$23279.41
799,799,44.2147685,41.5683289,36.179383,112.804103,$13408.65
800,800,15.2760578,-23.7484077,23.7247599,108.8076195,$12441.91
801,801,21.244721,110.455332,19.3785056,-99.1850598,$14394.69
802,802,45.2414259,20.3589241,5.9840985,116.0761121,$23595.78
803,803,40.8833166,107.1419766,49.8681673,12.7437969,$38296.60
804,804,48.679041,5.8805771,31.364902,108.249509,$292.92
805,805,48.73934,7.3660499,43.0429124,1.9038837,$6144.88
806,806,-8.4769874,123.0845277,37.2715427,109.0311079,$21749.88
807,807,-8.0034823,112.7420274,10.1315305,124.1775822,$14007.52
808,808,41.5659297,69.7703922,50.6000912,94.9998807,$26618.89
809,809,38.7433547,-8.0759339,14.5072887,121.0064151,$8199.69
810,810,37.9346907,21.1449975,55.3964659,55.5580718,$10595.57
811,811,30.2733296,120.1672735,-6.460817,108.298731,$28606.56
812,812,50.9486162,30.8786768,30.126539,120.965215,$8745.14
813,813,14.2553505,13.1134915,46.76786,83.14697,$48494.15
814,814,41.305838,124.120286,46.791555,15.379192,$3959.90
815,815,38.7731612,140.297972,6.1097207,102.2462087,$34033.07
816,816,23.365556,116.70345,-10.5224941,-36.6525696,$48547.56
817,817,59.9451756,10.6392492,13.7558622,7.986535,$35434.78
818,818,-9.7172,123.9899,14.6060279,-87.940833,$37709.02
819,819,34.4911201,62.6031004,32.78398,36.47696,$11843.23
820,820,30.662051,92.368911,35.7952267,51.4322706,$48479.30
821,821,41.523117,20.526623,14.7342524,121.0702642,$33729.36
822,822,-22.4036831,26.7142835,10.031243,-74.97611,$35134.95
823,823,31.9780238,35.8492033,26.1628197,50.6275108,$30321.73
824,824,47.01741,87.68753,41.0390875,-8.5746201,$33334.06
825,825,8.9308058,-79.7343791,53.4167481,83.5264334,$46818.24
826,826,30.86006,108.650157,40.5047756,-8.529346,$38817.64
827,827,7.0539999,124.6719971,14.622814,-61.030174,$35610.93
828,828,13.75639,100.5073712,57.4293806,11.947834,$19630.55
829,829,-19.8730077,47.0291162,-11.8648237,43.492161,$48289.93
830,830,28.960671,111.889793,40.1145846,44.2706023,$33130.21
831,831,53.0662784,19.2876039,30.754014,113.820729,$41272.35
832,832,35.025857,136.131182,57.2033415,14.0338655,$46947.11
833,833,44.6208353,21.1842054,-7.4461263,109.2207098,$11561.67
834,834,47.81227,38.28822,-22.9657374,-42.0279869,$27509.19
835,835,23.365556,116.70345,59.75,43.1333329,$9992.51
836,836,-27.78905,24.69232,-17.6169957,177.4504888,$42606.94
837,837,11.5478704,-1.768487,5.3453369,95.8353837,$46707.23
838,838,39.5016783,-9.1028729,57.6581553,12.1171659,$23472.27
839,839,3.2873127,30.9403023,52.0404797,76.9262526,$402.09
840,840,9.3847618,-73.3001233,39.4364103,-8.2988008,$18314.92
841,841,53.58244,20.2827,-6.8897071,-38.5612185,$18907.57
842,842,49.6428895,100.1771896,50.2235249,20.046495,$1413.17
843,843,-20.3139411,30.0549683,33.011529,114.022298,$47202.33
844,844,40.937607,24.412866,35.1844489,136.7959808,$41853.18
845,845,-10.5732996,-38.4429274,33.195258,106.045443,$38908.94
846,846,26.5502644,37.9678652,52.7285015,47.619733,$23588.32
847,847,17.9341079,97.9157099,27.974248,120.632896,$35397.87
848,848,-20.7371116,-48.9110606,26.5419464,86.7567219,$22486.21
849,849,-27.0900609,-61.0797039,56.886652,21.1951809,$41231.64
850,850,24.884626,104.308675,31.5094268,116.8877403,$45302.61
851,851,-10.9588216,-38.7897587,-8.2641378,-78.1546617,$36890.65
852,852,-6.3385652,106.9447146,51.8911132,31.5958532,$19455.79
853,853,14.8682154,120.4607543,-9.781098,34.522671,$39556.30
854,854,35.2304671,24.9826973,6.9725887,-72.4731529,$5802.78
855,855,-34.6893026,-58.5247124,3.07548,116.447998,$16093.73
856,856,43.9763746,4.9052738,10.8026827,105.1960795,$37566.54
857,857,-9.3928599,-77.575554,31.919897,120.085146,$41357.75
858,858,47.443101,85.874096,9.029518,1.4168974,$7375.59
859,859,11.5471456,4.9656113,40.99629,126.54756,$46552.25
860,860,46.5993244,-1.1457859,22.720974,114.246899,$34061.54
861,861,39.8909584,116.325077,45.3481651,14.5032137,$33538.47
862,862,39.154597,117.170921,7.6622793,-80.5632884,$44340.24
863,863,36.7226027,-4.467102,-7.3251485,108.3607464,$49255.42
864,864,28.0955558,112.9937015,35.89222,14.51833,$45320.21
865,865,38.32,-122.64,39.8037641,22.4914418,$34348.51
866,866,54.3736161,37.553869,24.162165,114.945555,$29187.26
867,867,2.47189,96.368393,-13.674114,-71.6777177,$7298.67
868,868,59.3178128,18.0285502,44.1875931,-77.3882908,$11210.25
869,869,14.570924,121.0276584,28.312711,115.372281,$33684.68
870,870,49.9293234,14.3013689,36.80752,43.03831,$45768.98
871,871,-20.5842082,-63.8950786,-21.2915055,-50.3436312,$17680.81
872,872,59.8079805,17.6754261,57.961476,-4.031512,$30036.05
873,873,20.7491091,106.3699271,4.2867309,-74.812294,$35613.09
874,874,50.1987725,39.5632497,15.4963503,101.6385328,$33990.43
875,875,29.099294,119.692696,-6.5415,111.0064,$25711.82
876,876,14.7976183,45.7189412,-7.3684588,107.4967147,$21513.26
877,877,21.241735,-77.8267218,30.572815,104.066801,$30723.94
878,878,32.2951394,75.2071469,20.36667,-75.01667,$12021.73
879,879,38.504559,125.4946236,41.9906493,-91.7490143,$49792.38
880,880,-5.725856,39.2985684,52.211713,6.8954592,$5269.16
881,881,-31.3317595,-54.1038619,55.7859618,27.4327467,$24832.69
882,882,49.0253085,-122.802962,40.4092617,49.8670924,$36245.76
883,883,-20.1215224,-40.3077898,24.651518,109.24473,$31821.37
884,884,-15.4524821,-47.6093177,50.2036798,19.0197207,$11453.55
885,885,55.1067515,82.9132833,43.6085373,1.4525313,$11928.35
886,886,-6.6966609,111.5840933,37.2719952,127.4348221,$24.77
887,887,47.7016459,37.4209877,61.8628073,29.2775676,$23993.58
888,888,-20.9052746,-46.995789,45.0075322,19.8227166,$16215.50
889,889,49.823894,34.5260962,39.508988,46.343889,$49944.16
890,890,-4.7695926,-40.5112755,65.2012319,25.5341339,$27751.13
891,891,1.5073967,21.0728664,34.363184,107.237743,$42392.71
892,892,-7.114172,107.446012,48.6277459,2.4381665,$43663.12
893,893,-6.8510505,108.0806141,29.3180299,48.0753917,$23153.72
894,894,41.2867601,110.2374621,48.6277459,2.4381665,$13294.89
895,895,31.50911,34.94938,42.901533,125.136451,$25744.07
896,896,48.6769923,22.3927591,31.95402,35.1624,$20753.52
897,897,53.1859207,22.0862303,56.176516,36.99786,$3829.08
898,898,-6.2140375,106.8311173,-6.8332046,108.4068343,$37434.43
899,899,52.54952,13.35118,40.727504,19.5627596,$44927.96
900,900,33.24846,132.6146565,28.590337,105.697472,$20270.68
901,901,-34.5377407,-58.5521828,51.3305246,6.7625867,$47025.00
902,902,51.7565958,20.9183286,52.959496,21.0954627,$15973.56
903,903,13.4470634,-88.556531,45.8309803,94.80205,$40154.54
904,904,32.099905,118.031463,43.1283145,5.9294606,$43238.64
905,905,46.5670711,15.9429753,15.2286069,-91.7859274,$2720.50
906,906,16.2426241,101.9348069,6.551367,-74.787294,$7441.24
907,907,10.5703809,-62.8294091,35.3387006,25.1443698,$6941.50
908,908,-34.7415815,-58.4614889,51.888151,-0.23924,$12743.33
909,909,-6.1487501,106.7809681,-6.275266,106.7246947,$5722.48
910,910,-33.459409,-70.582502,-11.0073376,-66.058249,$20916.78
911,911,-5.8248093,-46.1594921,10.8698035,-73.9830029,$45731.01
912,912,47.0799211,-1.2821339,31.138677,120.645158,$9677.27
913,913,57.227222,29.161111,14.5699334,121.0204582,$4340.80
914,914,13.9210992,100.5219418,-8.3765619,115.1918802,$28252.68
915,915,-5.5775197,12.1927103,48.689836,6.17445,$11155.42
916,916,-34.5926613,-58.5197163,26.634672,100.23509,$42190.90
917,917,43.2588087,45.4197638,22.183206,112.305145,$19914.62
918,918,32.434672,119.569989,-11.7283752,-49.0686083,$32658.86
919,919,-23.8879561,35.3959879,53.6928497,42.8109044,$22006.44
920,920,13.3743393,108.3989809,5.7812306,7.0390904,$24790.58
921,921,25.3141558,49.6299077,-9.0047392,-35.4124355,$44998.58
922,922,30.7879384,72.7289812,-22.422971,-45.4602511,$25898.05
923,923,50.2566859,18.1939394,40.3206366,-8.708013,$22844.49
924,924,50.59219,3.4387783,53.7423435,-8.6346959,$42144.72
925,925,36.867795,120.9057,-46.5409005,-71.7222795,$19301.50
926,926,-7.4207981,111.6243377,39.4721887,-84.4772033,$19188.81
927,927,65.8368628,24.0986491,52.7112627,45.4271291,$29411.49
928,928,34.0600347,109.2478812,15.48333,48.43333,$18731.22
929,929,49.8151822,19.3771749,47.407461,-1.18752,$45382.94
930,930,-9.6883,124.2784,41.9562157,21.7152906,$37850.24
931,931,42.1874125,20.0003019,37.8484284,-25.2822768,$47673.14
932,932,29.657856,116.30275,10.701232,-61.5471829,$12024.23
933,933,42.91679,-81.41646,-5.9640712,34.1225927,$11977.03
934,934,29.20817,103.949326,46.9981458,-0.2101206,$6542.77
935,935,4.2784597,126.8573186,22.058407,110.792856,$33525.52
936,936,-6.377185,37.3747104,55.6297634,13.5130029,$30276.90
937,937,43.2580921,42.6468184,0.6092923,30.6401231,$48256.43
938,938,15.5653934,120.6147766,29.4099289,120.1289162,$20924.29
939,939,-8.0568365,111.8002195,32.5443894,73.1990129,$7153.28
940,940,11.1946369,122.5270677,26.1534361,119.9306863,$28431.62
941,941,41.76,-72.69,-9.5128,120.1979,$3656.33
942,942,15.3549925,-91.458364,48.9582445,24.6800199,$36076.25
943,943,49.45802,-120.51076,44.200789,86.468058,$9588.67
944,944,-12.7959196,-42.7857583,16.15523,43.42102,$14258.37
945,945,41.7396715,-85.9262162,-6.7944214,110.7867474,$38379.82
946,946,9.9748039,-84.0322316,-9.4004209,-77.5777031,$40572.76
947,947,43.61,-116.2,13.8274278,100.3666326,$24918.50
948,948,15.1042521,101.0768333,-21.7972251,-50.879763,$15689.12
949,949,40.01833,127.45472,45.7705013,15.9679074,$15418.66
950,950,39.942418,116.725642,44.594213,129.380481,$11842.34
951,951,22.529403,103.93935,4.8980694,119.8492473,$33568.52
952,952,10.5894439,-67.0494378,-6.588201,106.804564,$22112.93
953,953,5.8833366,118.0357162,6.2245859,101.8109253,$2943.22
954,954,-8.0034823,112.7420274,23.408913,116.718004,$25847.91
955,955,32.5171226,130.6026459,5.0605779,-75.872356,$21857.46
956,956,50.072026,36.162836,26.4745056,31.8002447,$7216.52
957,957,51.2366183,20.760809,-8.4774,115.597,$33240.81
958,958,14.2038203,121.1457666,21.422245,110.709912,$37071.45
959,959,30.206592,114.901412,43.9771937,42.974641,$6834.89
960,960,41.631154,42.3915567,44.1034593,9.8216043,$809.03
961,961,59.4005705,16.4401504,50.9218266,19.3568903,$27128.50
962,962,42.3728288,47.3773853,-6.8586226,111.642224,$18711.31
963,963,65.1047244,17.1227163,-8.301579,123.0648331,$44197.85
964,964,44.9993113,19.9820405,-1.0225124,-79.4604035,$35469.73
965,965,-21.9703146,-44.9199695,-9.2957636,-75.997859,$17407.25
966,966,-7.8236568,-78.4478594,25.941937,117.365052,$40401.41
967,967,58.6680061,50.0352255,42.1400691,25.5719576,$4767.61
968,968,35.1742194,33.205422,-20.6436652,-51.1110523,$6420.45
969,969,31.45571,34.43719,56.0345586,14.0604538,$363.75
970,970,33.2731435,129.9324494,42.13333,25.85,$37755.51
971,971,39.6476577,-104.9984484,39.7723073,47.6154166,$45601.92
972,972,40.8946241,-6.9635613,14.773124,49.3805473,$22749.93
973,973,10.2942407,123.5836143,67.4020883,26.6725662,$6565.86
974,974,31.5769405,72.4156898,8.5860654,-79.8464804,$33213.91
975,975,-26.7816035,31.9302449,41.2270631,-7.4666688,$35318.36
976,976,48.1475145,37.297136,36.83408,10.04057,$38276.59
977,977,9.9141597,-75.4111644,15.4963503,101.6385328,$37212.64
978,978,9.2524087,122.874409,48.3276506,40.2709899,$8211.83
979,979,11.8759644,-86.0504111,-8.2383,123.7896,$3943.18
980,980,-23.2245912,-52.7670021,41.9236371,20.9163887,$28188.70
981,981,24.288578,116.122523,-12.67442,-75.325157,$30140.75
982,982,34.7461463,71.8472364,-34.8234058,-58.187517,$39687.23
983,983,-38.9719333,-68.0439522,40.7093697,20.6973469,$17500.95
984,984,-31.7436794,-65.0052144,40.1893575,-8.8601025,$7761.81
985,985,59.3514599,17.9843165,5.4807517,10.4284178,$28587.96
986,986,-22.7428673,-45.5963557,30.2646273,78.5064473,$27264.30
987,987,22.517585,113.39277,-11.18917,-76.95139,$12410.69
988,988,49.3357569,22.2868645,59.272573,17.917045,$19917.34
989,989,54.11538,20.1302301,22.6274369,114.0604907,$47030.59
990,990,7.9712866,124.3443856,41.516826,122.765409,$2569.75
991,991,23.561556,101.273161,5.3191534,-4.2564094,$24371.75
992,992,53.7322394,33.3332803,51.4588944,3.5455371,$21560.28
993,993,46.522646,86.002798,55.9955698,40.3295557,$46018.33
994,994,43.4945737,5.8978018,-8.0230452,111.4111932,$47490.01
995,995,51.8204945,68.3636926,35.0144726,58.7774287,$31608.69
996,996,54.6680772,25.1126281,19.4511496,-72.6801576,$8141.20
997,997,40.570338,116.554665,43.4945737,5.8978018,$6361.41
998,998,64.8101062,25.987464,51.3731898,6.1747875,$28729.02
999,999,54.9790861,37.2249417,53.1915379,-6.1191333,$19796.07
1000,1000,40.058523,116.638776,3.7187884,103.1357512,$1204.75
